{
	"class_name" : "PinholeCameraTrajectory",
	"extrinsic" : 
	[
		[
			0.91240405555804438,
			0.38653655191044289,
			-0.13456720788668597,
			0,
			-0.33431113765263076,
			0.89350351537289552,
			0.29981249349832256,
			0,
			0.23612476075718281,
			-0.22856281861550326,
			0.94445970549510472,
			0,
			-1.888297160360799,
			-1.9735126499685172,
			3.0615540809401365,
			1
		]
	],
	"intrinsic" : 
	{
		"height" : 1028,
		"intrinsic_matrix" : [ 890.27411509040303, 0, 0, 0, 890.27411509040303, 0, 927, 513.5, 1 ],
		"width" : 1855
	},
	"version_major" : 1,
	"version_minor" : 0
}
